Positions,210,211,212,216,223,226,229,232,233,234,235,236,237,238,239,240,241,242,243,244,245,246,247,248,249,250,251,252,280,283,293,311,326,328,329,342,349,350,372,373,397,442,445,452,453,454,459,464,465,467,475,485,487,501,514,517,520,523,524,526,537,539,541,545,549,550,552,557,560,577,583,598,599,602,610,619,644,646,679,681,686,692,706,710,719,727,731,733,742,757,764,775,793,808,832,838,848,849,850,866,869,870,884,885,888,919,921,933,939,944,973,981,982,993,1008,1025,1044,1057,1069,1071,1072,1077,1081,1104,1125,1137,1146,1149,1152,1171,1181,1183,1197,1203,1212,1235,1242,1257,1272,1281,1284,1304,1305,1306,1309,1310,1311,1312,1315,1317,1326,1335,1341,1344,1345,1347,1348,1352,1356,1363,1365,1371,1381,1383,1384,1385,1387,1392,1393,1401,1413,1419,1440,1452,1466,1479,1487,1497
FRAX21,C,G,C,A,G,G,T,T,T,C,T,A,G,T,A,C,C,A,G,T,A,G,T,G,T,G,G,A,A,C,T,A,A,G,T,A,C,G,G,G,C,C,C,A,A,G,A,A,C,A,T,C,A,T,T,G,T,T,G,T,T,G,G,G,T,G,G,A,G,T,T,G,A,T,G,G,A,A,G,T,T,C,T,T,G,T,G,G,C,G,G,C,G,T,G,G,G,-,-,A,C,A,C,A,G,T,C,G,G,C,G,C,A,A,T,T,T,T,A,C,G,C,T,T,G,G,T,A,A,G,T,A,A,T,A,A,T,G,T,G,G,A,T,A,T,T,C,G,G,T,T,A,A,A,G,G,T,G,T,G,T,T,T,A,G,G,C,T,G,G,T,G,T,G,T,T,T,C,
FRAX19,C,G,C,A,G,G,T,T,T,C,T,A,G,T,A,C,C,A,G,T,A,G,T,G,T,G,G,A,A,C,T,A,A,G,T,A,T,G,G,G,T,T,T,-,-,-,A,C,T,A,T,C,A,C,T,G,C,T,G,T,T,G,T,G,T,G,G,A,G,T,T,G,G,A,A,G,A,G,G,G,T,C,T,T,G,T,G,A,C,A,G,C,G,T,G,G,G,-,-,A,T,A,C,A,G,A,C,G,G,C,G,C,A,A,T,T,C,T,G,G,G,C,T,A,G,G,T,T,A,A,A,A,A,T,A,T,T,G,C,G,G,G,C,A,G,T,T,G,G,A,A,A,A,A,G,A,G,C,T,G,T,T,T,A,G,G,C,T,G,G,T,G,T,G,T,T,G,C,
FRAX20,C,G,C,A,G,G,T,T,T,C,T,A,G,T,A,C,C,A,G,T,A,G,T,G,T,G,G,A,A,C,T,A,A,G,T,A,T,G,G,G,T,T,T,-,-,-,A,C,T,A,T,C,A,C,T,G,C,T,T,T,T,G,G,G,T,G,G,G,G,T,T,G,G,A,A,G,A,G,G,G,T,C,T,T,G,T,A,A,C,A,G,C,G,T,G,G,G,-,-,A,T,A,C,A,G,A,C,G,G,C,G,C,A,A,T,T,T,T,G,G,G,C,C,A,G,G,T,A,A,G,A,A,A,T,A,T,T,G,T,G,G,G,C,A,G,T,T,G,G,A,A,A,A,A,G,A,G,G,T,G,T,T,T,A,G,G,C,T,G,G,T,G,T,G,T,T,G,C,
FRAX31,C,G,C,T,G,G,T,T,T,C,T,A,G,T,A,C,C,A,G,T,A,G,T,G,T,G,G,A,G,C,T,A,A,G,T,A,C,G,G,G,T,C,T,-,-,-,A,C,C,A,T,A,A,T,T,A,T,C,G,C,T,G,G,G,T,G,G,A,G,T,T,T,A,A,G,G,A,A,T,G,T,C,T,T,G,C,G,G,C,G,G,A,G,C,G,G,G,-,-,A,T,A,C,A,G,T,C,G,A,T,G,C,A,A,T,T,C,T,G,C,G,C,T,A,G,A,T,A,A,G,T,A,A,T,A,A,C,G,T,G,G,G,C,A,G,T,C,G,A,A,T,A,A,A,G,A,G,G,C,G,T,T,T,A,G,G,C,T,G,G,T,G,T,G,T,T,G,T,
FRAX28,C,G,C,A,G,G,T,T,T,C,T,A,G,T,A,C,C,A,G,T,A,G,T,G,T,G,G,A,A,C,T,A,A,G,T,A,C,G,G,G,T,C,T,-,-,-,A,C,C,A,C,C,A,T,T,G,T,T,G,T,T,A,G,G,T,G,G,A,G,C,T,G,A,G,G,G,A,A,G,G,T,C,A,T,G,T,G,G,T,G,G,C,G,C,G,G,G,-,-,A,T,A,C,G,G,T,C,G,G,C,G,C,A,A,T,T,C,T,G,T,G,C,T,T,G,G,T,A,A,G,T,A,A,T,A,A,T,G,T,G,G,G,C,A,G,T,C,G,G,A,T,A,A,A,G,A,G,G,C,G,T,C,T,A,G,G,C,T,G,G,T,G,T,G,G,T,G,C,
FRAX12,C,G,C,A,G,A,T,T,T,C,T,A,G,T,A,C,C,A,G,T,A,G,T,G,T,G,G,A,A,C,T,A,A,G,T,A,C,G,G,G,T,C,T,-,-,-,A,C,C,A,T,C,A,T,T,G,T,T,G,T,T,G,G,G,T,G,A,A,G,C,T,G,A,A,G,G,A,A,G,G,T,C,T,T,G,T,G,G,T,G,G,C,G,C,G,G,G,-,-,A,T,A,C,A,G,T,C,G,G,T,G,C,A,A,T,T,C,T,G,C,G,C,T,T,G,G,T,A,A,G,T,A,A,C,A,A,T,G,T,G,G,G,C,A,G,T,C,A,G,A,T,A,A,A,G,A,G,G,C,G,T,T,T,A,G,G,C,T,G,G,T,G,T,G,G,T,G,C,
FRAX29,C,G,C,A,G,G,T,T,T,C,T,A,G,T,A,C,C,A,G,T,A,G,T,G,T,G,G,A,A,C,T,A,A,G,T,A,C,G,G,G,T,C,T,-,-,-,A,C,C,A,T,C,A,T,C,G,T,T,G,T,T,G,G,G,T,G,G,A,G,C,T,G,A,A,G,G,A,A,G,G,T,C,T,T,G,T,G,G,T,G,G,C,G,T,G,G,G,-,-,A,T,A,C,A,G,T,C,G,G,C,G,C,A,A,T,T,C,A,G,C,G,C,T,T,G,A,T,A,A,G,T,A,A,T,A,A,T,G,T,G,G,G,C,A,G,T,T,G,G,A,T,A,C,A,G,A,G,G,C,G,C,C,T,A,G,G,C,T,G,G,T,G,T,G,G,T,G,C,
FRAX32,C,G,C,A,G,G,T,T,T,C,T,A,G,T,A,C,C,A,G,T,A,G,T,G,T,G,G,A,A,C,T,A,A,G,T,A,C,G,G,G,T,C,T,-,-,-,A,C,T,A,T,C,A,T,T,G,T,T,G,T,T,G,G,G,T,G,G,A,A,C,C,G,A,A,G,G,A,A,G,G,T,C,T,T,G,T,G,G,T,G,G,C,G,T,G,G,G,-,-,A,T,A,C,A,G,T,C,G,G,C,G,C,A,A,T,T,C,T,G,C,G,C,T,T,G,G,T,A,A,G,T,A,A,T,A,A,T,G,T,G,T,G,C,A,G,T,T,G,G,A,T,A,A,A,G,A,G,G,C,G,T,C,T,A,G,G,C,T,G,G,T,G,T,G,G,T,G,C,
FRAX07,C,G,C,A,G,G,T,T,T,C,T,A,G,T,A,C,C,A,G,T,A,G,T,G,T,G,G,A,A,C,T,A,A,G,T,A,C,G,G,G,T,C,T,-,-,-,A,C,C,A,T,C,A,T,T,G,T,T,G,T,T,G,G,G,T,G,G,A,G,C,T,G,A,A,G,G,A,A,G,G,T,C,T,T,G,T,G,G,T,G,G,C,G,T,G,G,G,-,-,A,T,A,C,A,G,T,C,G,G,C,G,C,A,A,T,T,C,A,G,C,G,C,T,T,G,A,T,A,A,G,T,A,A,T,A,A,T,G,T,G,G,G,C,A,G,T,C,G,G,A,T,A,A,A,G,A,G,G,C,G,T,T,T,A,G,G,C,T,G,G,T,G,T,G,G,T,G,C,
FRAX08,T,G,C,A,G,G,T,T,T,C,T,A,G,T,A,C,C,A,G,T,A,G,T,G,T,G,G,A,A,C,T,A,A,G,A,A,C,G,G,G,T,C,T,-,-,-,A,C,C,A,T,C,A,T,T,G,T,T,G,T,T,G,G,G,T,G,G,A,G,C,T,G,A,A,G,G,A,A,G,G,T,C,T,T,G,T,G,G,T,G,G,C,G,T,G,G,G,-,-,A,T,A,C,A,G,T,C,G,G,C,G,C,A,A,T,T,C,T,G,C,G,C,T,T,G,G,T,A,A,G,T,T,A,T,A,A,T,G,T,G,G,G,C,A,G,C,C,G,G,A,T,G,A,A,G,A,G,G,C,G,T,T,T,A,G,G,C,T,G,G,C,G,T,G,G,T,G,C,
FRAX30,T,G,C,A,G,G,T,T,T,C,T,A,G,T,A,C,C,A,G,T,A,G,T,G,T,G,G,A,A,C,T,A,A,G,T,A,C,G,G,G,T,C,T,-,-,-,A,C,C,A,T,C,A,T,T,G,T,T,G,T,T,G,G,G,T,G,G,A,G,C,C,G,A,A,G,G,A,A,G,G,T,C,T,T,T,T,G,G,T,G,G,C,G,T,G,G,G,-,-,A,T,A,C,A,G,T,C,G,G,C,G,C,A,A,T,T,C,T,G,C,G,C,T,T,G,G,T,A,A,G,T,A,A,T,A,A,T,G,T,A,G,G,C,A,G,T,T,C,G,A,T,A,A,T,G,A,G,G,C,G,T,T,G,A,G,G,C,T,G,G,T,G,T,G,G,T,G,C,
FRAX25,C,G,G,A,A,G,A,T,T,C,T,A,G,T,A,C,C,A,G,T,A,G,T,G,T,G,G,A,A,C,T,A,A,G,T,A,C,G,G,G,T,C,T,-,-,-,A,C,C,A,T,C,A,T,C,G,T,T,G,T,T,G,G,G,T,G,G,A,G,T,T,G,A,A,G,G,A,A,G,G,T,C,T,T,G,T,G,G,T,G,G,C,G,T,A,G,G,-,-,A,T,A,C,A,A,T,C,A,G,C,G,C,A,A,T,T,C,T,G,C,G,C,T,T,G,G,T,A,A,G,T,A,A,T,A,A,T,G,T,G,G,G,C,A,G,T,C,G,G,A,T,A,G,A,G,A,G,G,C,G,T,T,T,A,G,G,C,T,G,G,T,G,T,A,G,C,G,C,
FRAX06,C,G,C,A,G,G,A,T,T,C,T,A,G,T,A,C,C,A,G,T,A,G,C,G,T,G,G,A,A,C,T,A,A,T,T,A,C,G,G,G,T,C,T,-,-,-,A,C,C,A,T,C,A,T,T,G,T,T,G,T,T,G,G,G,T,G,G,A,G,T,T,G,A,A,G,G,T,A,G,G,T,C,T,T,G,T,G,G,T,G,A,C,G,C,G,G,G,-,-,A,T,A,C,A,G,T,T,A,A,C,G,C,A,A,T,T,C,T,G,C,G,C,T,T,G,G,C,A,A,G,T,A,A,T,A,A,T,G,T,G,G,G,C,A,G,T,T,G,G,A,T,A,A,A,G,A,G,G,C,G,T,T,T,T,G,G,C,T,G,G,T,G,T,G,G,T,A,C,
FRAEX3,C,G,C,A,G,G,A,T,T,C,T,A,G,T,A,C,C,A,G,T,A,G,T,G,T,G,G,A,A,C,C,A,A,T,T,A,C,G,G,G,T,C,T,-,-,-,A,C,C,A,T,C,A,T,T,G,T,T,G,T,T,G,G,G,T,G,G,A,G,T,T,G,A,A,G,G,A,A,G,G,T,C,T,T,G,T,G,G,T,G,G,C,G,C,G,G,T,G,C,A,T,A,C,A,G,T,C,A,G,C,A,C,A,A,T,T,C,T,G,C,G,C,T,T,G,G,T,A,A,G,T,A,A,T,A,A,T,G,T,G,G,G,C,A,G,T,T,G,G,A,T,A,A,A,G,A,G,G,C,G,T,T,T,A,G,G,C,T,G,G,T,G,T,G,G,T,G,C,
FRAX23,C,G,C,A,G,G,A,T,T,C,T,A,G,T,A,C,C,A,G,T,A,G,T,G,T,G,G,A,A,C,T,G,A,G,T,A,C,G,G,G,T,C,T,-,-,-,A,C,C,A,T,C,A,T,T,G,T,T,G,T,T,G,G,G,C,G,G,A,G,T,T,G,A,A,G,G,A,A,G,G,G,C,T,T,G,T,G,G,T,G,G,C,G,C,G,G,G,-,-,A,T,A,C,A,G,T,C,A,G,C,G,C,A,A,T,T,C,T,G,C,G,C,T,T,G,G,T,A,A,G,T,A,A,T,A,A,T,G,T,G,G,G,C,A,G,T,T,G,G,A,T,A,A,A,G,A,G,G,C,G,T,T,T,A,C,G,C,T,G,G,T,G,T,G,G,T,G,C,
FRAX15,A,G,C,A,G,G,A,T,T,C,T,A,G,T,A,C,A,A,G,T,A,G,T,G,T,G,G,A,A,C,T,G,A,G,T,A,C,G,G,G,T,C,T,-,-,-,A,C,C,A,T,C,A,T,T,G,T,T,G,T,T,G,G,G,C,G,G,A,G,T,T,G,A,A,G,G,A,A,G,G,T,C,T,T,G,T,G,G,T,G,G,C,G,C,G,G,G,-,-,A,T,G,C,A,G,T,C,A,G,C,G,C,A,A,T,T,C,T,G,C,G,C,T,T,G,G,T,A,A,G,T,A,A,T,A,A,T,G,T,G,G,G,C,A,G,T,T,G,G,A,T,A,A,A,G,A,G,G,C,G,T,T,T,A,C,C,G,T,G,G,T,T,C,G,G,T,G,C,
FRAX01,C,G,C,A,T,G,A,T,T,C,T,A,G,T,A,C,C,A,G,T,A,G,T,G,T,G,G,A,A,C,T,G,A,G,T,A,C,G,G,G,T,C,T,-,-,-,A,C,C,A,T,C,A,T,T,G,T,T,G,T,T,G,G,G,C,G,G,A,G,T,T,G,A,A,G,G,A,A,G,G,T,C,T,T,G,T,G,G,T,G,G,C,G,C,G,G,G,-,-,A,T,A,C,A,G,T,C,A,G,C,G,C,A,G,T,T,C,T,G,C,A,C,T,T,G,G,T,A,A,G,T,A,A,T,A,A,T,G,T,G,G,G,C,A,G,T,T,G,G,A,T,A,A,A,G,A,G,G,C,G,T,T,T,A,C,C,G,T,G,G,T,T,C,G,G,T,G,C,
FRAX16,C,G,C,A,T,G,A,T,T,C,T,A,G,T,A,C,C,A,G,T,A,G,T,G,T,G,G,A,A,C,T,G,A,G,T,A,C,G,G,G,T,C,T,-,-,-,A,C,C,A,T,C,A,T,T,G,T,T,G,T,T,G,G,G,C,G,G,A,G,T,T,G,A,A,G,G,A,A,G,G,T,C,T,T,G,T,G,G,T,G,G,C,G,C,G,G,G,-,-,A,T,A,C,A,G,T,C,A,G,C,G,C,A,G,T,T,C,T,G,C,A,C,T,T,G,G,T,A,A,G,T,A,A,T,A,A,T,G,T,G,G,G,C,A,G,T,T,G,G,A,T,A,A,A,G,A,G,G,C,G,T,T,T,A,C,C,G,T,G,G,T,T,C,G,G,T,G,C,
FRAX27,C,G,C,A,G,G,T,T,T,C,T,A,C,T,A,C,C,A,G,T,A,G,T,G,T,G,G,A,A,T,A,A,A,G,T,A,T,T,G,A,T,C,T,-,-,-,A,C,C,A,T,C,A,T,T,G,T,T,G,T,T,G,G,A,T,G,G,A,G,T,T,G,G,A,A,G,A,G,G,G,T,T,T,T,G,T,G,G,T,G,G,C,G,T,G,G,G,-,-,A,T,A,T,G,G,T,C,G,G,C,G,C,A,A,T,T,C,T,G,C,G,C,T,A,G,G,T,A,A,G,T,A,A,T,A,A,T,T,T,G,G,G,C,A,G,T,T,G,G,A,T,A,A,A,G,A,G,G,C,G,T,T,T,A,G,G,C,T,G,A,T,G,T,G,T,T,G,C,
FRAX04,A,G,C,A,G,G,T,-,-,-,-,-,-,-,-,-,-,-,-,-,-,-,-,-,-,-,-,-,A,T,A,A,A,G,T,A,T,T,G,A,T,C,T,-,-,-,G,C,C,A,T,C,A,T,T,G,T,T,G,T,T,G,G,A,T,G,G,A,G,T,T,G,G,A,A,G,A,G,G,G,T,C,T,T,G,T,G,G,C,G,G,C,G,T,G,G,G,-,-,A,T,A,C,G,G,T,C,G,G,C,G,C,A,A,T,T,C,T,G,C,G,C,T,A,G,G,T,A,A,G,T,A,A,T,A,A,T,T,T,G,G,G,C,A,G,T,C,G,G,A,T,A,A,A,G,A,G,G,C,A,T,T,T,A,G,G,C,C,A,G,T,G,T,G,T,T,G,C,
FRAX11,A,G,C,A,G,G,T,T,T,C,T,A,G,T,A,C,C,A,G,T,A,G,T,A,T,G,G,A,A,T,A,A,A,G,T,A,T,T,G,A,T,C,T,-,-,-,A,C,C,A,T,C,A,T,T,G,T,T,G,T,T,G,G,A,T,G,G,A,G,T,T,G,G,A,A,G,A,G,G,G,T,C,T,T,G,T,G,G,C,G,G,C,G,T,G,G,G,-,-,A,T,A,C,A,G,T,C,G,G,C,G,C,A,A,T,T,C,T,G,C,G,C,T,A,G,G,T,A,A,G,T,A,A,T,A,A,T,T,T,G,G,G,C,A,G,T,C,G,G,A,T,A,A,A,G,A,G,G,C,G,T,T,T,A,G,G,C,T,G,G,T,G,T,G,T,T,G,C,
FRAX33,C,A,C,A,G,G,T,T,T,C,T,A,G,T,A,C,C,A,G,T,A,G,T,G,T,G,G,A,A,A,T,A,G,G,T,A,T,G,G,A,T,C,T,-,-,-,A,C,C,G,T,C,A,T,T,G,T,G,G,T,T,G,G,G,T,G,G,A,G,C,T,G,G,A,A,G,A,G,G,G,T,C,T,T,G,T,G,G,T,G,G,C,G,T,G,G,G,-,-,A,T,A,C,A,G,T,C,G,G,C,G,C,A,A,T,T,C,T,G,C,G,C,T,A,G,G,T,A,A,G,T,A,A,T,G,A,T,G,T,G,G,G,C,G,G,T,C,G,G,A,T,A,A,A,A,A,G,G,C,G,T,T,T,A,G,G,C,T,G,G,T,G,T,G,T,T,G,C,
FRAX03,C,G,C,A,T,G,T,T,T,C,T,A,G,T,A,C,C,A,G,T,A,G,T,G,T,G,G,A,A,C,T,A,A,G,T,A,T,G,G,A,T,C,T,-,-,-,A,C,C,A,T,C,A,T,T,G,T,T,G,T,C,G,G,G,T,G,G,A,G,T,T,G,G,A,A,G,A,G,G,G,T,C,T,T,G,T,G,G,C,G,G,C,A,T,G,A,G,-,-,T,T,A,C,A,G,T,C,G,G,C,G,C,A,A,C,C,C,T,G,C,G,C,T,A,T,G,T,A,A,G,T,A,G,T,G,A,T,G,T,G,G,G,C,A,G,T,C,A,G,A,T,A,A,A,G,A,G,G,T,G,T,T,T,A,G,G,C,T,G,G,T,G,T,G,T,T,G,C,
FRAX13,C,G,C,A,G,G,T,T,T,C,T,A,G,T,A,C,C,A,G,T,A,G,C,G,T,G,G,A,A,C,T,A,A,G,T,G,T,G,G,A,T,C,T,-,-,-,A,C,C,A,T,C,G,T,T,G,T,T,G,T,T,G,G,G,T,T,G,A,G,T,T,G,G,A,A,G,A,G,G,G,T,C,T,T,G,T,G,G,C,G,G,C,A,T,G,A,G,-,-,A,T,A,C,A,G,T,C,G,G,C,G,C,A,A,T,C,C,T,G,C,G,C,T,A,T,G,T,A,A,G,T,A,A,T,G,A,T,G,T,G,G,G,C,A,G,T,C,A,G,A,T,A,A,A,G,A,G,G,T,G,T,T,T,A,G,G,C,T,G,G,T,G,T,G,T,T,G,C,
FRAX14,C,G,C,A,G,G,T,T,T,C,T,A,G,T,A,C,C,A,G,T,A,G,T,G,T,G,G,A,A,C,T,A,A,G,T,A,T,G,G,A,T,C,T,-,-,-,A,C,C,A,T,C,G,T,T,G,T,T,G,T,T,G,G,G,T,T,G,A,G,T,T,G,G,C,A,G,A,G,C,G,T,C,T,T,G,T,G,G,C,G,G,C,A,T,G,A,G,-,-,A,T,A,C,A,G,T,C,G,G,C,G,C,C,A,T,C,C,T,G,C,G,C,T,A,T,G,T,A,A,G,T,A,A,T,G,A,T,G,T,G,G,G,C,A,G,T,C,A,G,A,T,A,A,A,G,A,G,G,T,G,T,T,T,A,G,G,C,T,G,G,T,G,T,G,T,T,G,C,
FRAX26,C,G,C,A,G,G,T,T,T,C,T,A,G,T,A,C,C,A,G,T,A,G,T,G,T,G,G,A,A,C,T,A,A,G,T,A,T,G,A,A,T,C,T,-,-,-,A,C,C,A,T,C,G,T,T,G,T,T,G,T,T,G,G,G,T,G,G,A,G,T,T,G,G,A,A,G,A,G,C,G,T,C,T,T,G,T,G,G,C,G,G,C,A,T,G,A,G,-,-,A,T,A,C,A,G,T,C,G,G,C,G,C,A,A,T,C,C,T,G,C,G,C,T,A,T,G,T,A,A,G,T,A,A,T,G,A,T,G,T,G,G,G,C,A,G,T,C,A,G,A,T,A,A,A,G,A,G,G,T,G,T,T,T,A,G,G,C,T,G,G,T,G,T,G,T,T,G,C,
FRAX05,C,G,C,G,G,G,T,T,T,C,T,A,G,T,A,C,C,A,G,T,A,G,T,G,T,G,G,A,A,C,T,A,A,G,T,A,T,G,G,A,T,C,T,-,-,-,A,C,C,A,T,C,A,T,T,G,T,T,G,T,C,G,G,G,T,G,G,A,G,T,T,G,G,A,A,G,A,G,G,G,T,C,T,C,G,T,G,G,C,G,G,C,A,T,G,A,G,-,-,A,T,A,C,A,G,T,C,G,G,C,G,C,A,A,T,C,C,T,G,C,G,G,T,A,T,G,T,A,G,G,T,A,G,T,G,A,T,G,T,G,G,G,C,A,G,T,C,G,G,A,T,A,A,A,G,A,G,G,T,G,T,T,T,A,G,G,C,T,G,G,T,G,T,G,T,T,A,C,
FRAX09,C,G,C,G,G,G,T,T,T,C,T,A,G,T,A,C,C,A,G,T,A,G,T,G,T,G,G,A,A,C,T,A,A,G,T,A,T,G,G,A,T,C,T,-,-,-,A,C,C,A,T,C,A,T,T,G,T,T,G,T,C,G,G,G,T,G,G,A,G,T,T,G,G,A,A,G,A,G,G,G,T,C,T,C,G,T,G,G,C,G,G,C,A,T,G,A,G,-,-,A,T,A,C,A,G,T,C,G,G,C,G,T,A,A,T,C,C,T,G,C,G,C,T,A,T,G,T,A,G,G,T,A,G,T,G,A,T,G,T,G,G,G,C,A,G,T,C,A,G,A,T,A,A,A,G,A,G,G,T,G,T,T,T,A,G,G,C,T,G,G,T,G,T,G,T,T,G,C,
FRAX10,C,G,C,A,G,G,T,T,T,C,T,A,G,T,A,C,C,A,G,T,A,G,T,G,T,G,G,A,A,C,T,A,A,G,T,A,T,G,G,A,T,C,T,-,-,-,A,C,C,A,T,C,A,T,T,G,T,T,G,T,C,G,G,G,T,G,G,A,G,T,T,G,G,A,A,A,A,G,G,G,T,C,T,C,G,T,G,G,C,G,G,C,A,T,G,A,G,-,-,A,T,A,C,A,G,T,C,G,G,C,G,T,A,A,T,C,C,T,G,C,G,C,T,A,T,G,T,A,A,G,T,A,G,T,G,A,T,G,T,G,G,G,C,A,G,G,C,A,G,A,T,A,A,A,G,A,G,G,T,G,T,T,T,A,G,G,C,T,G,G,T,G,T,G,T,T,G,C,
Consen,C,G,C,A,G,G,T,T,T,C,T,A,G,T,A,C,C,A,G,T,A,G,T,G,T,G,G,A,A,C,T,A,A,G,T,A,C,G,G,G,T,C,T,-,-,-,A,C,C,A,T,C,A,T,T,G,T,T,G,T,T,G,G,G,T,G,G,A,G,T,T,G,A,A,G,G,A,A,G,G,T,C,T,T,G,T,G,G,T,G,G,C,G,T,G,G,G,-,-,A,T,A,C,A,G,T,C,G,G,C,G,C,A,A,T,T,C,T,G,C,G,C,T,T,G,G,T,A,A,G,T,A,A,T,A,A,T,G,T,G,G,G,C,A,G,T,C,G,G,A,T,A,A,A,G,A,G,G,C,G,T,T,T,A,G,G,C,T,G,G,T,G,T,G,T,T,G,C,
